crim,zn,indus,chas,nox,rm,age,dis,rad,tax,ptratio,b,lstat,medv,
288,0.01965,80,1.76,0,0.385,6.23,31.5,9.0892,1,241,18.2,341.6,12.93,20.1
289,0.03871,52.5,5.32,0,0.405,6.209,31.3,7.3172,6,293,16.6,396.9,7.14,23.2
290,0.0459,52.5,5.32,0,0.405,6.315,45.6,7.3172,6,293,16.6,396.9,7.6,22.3
291,0.04297,52.5,5.32,0,0.405,6.565,22.9,7.3172,6,293,16.6,371.72,9.51,24.8
292,0.03502,80,4.95,0,0.411,6.861,27.9,5.1167,4,245,19.2,396.9,3.33,28.5
293,0.07886,80,4.95,0,0.411,7.148,27.7,5.1167,4,245,19.2,396.9,3.56,37.3
294,0.03615,80,4.95,0,0.411,6.63,23.4,5.1167,4,245,19.2,396.9,4.7,27.9
295,0.08265,0,13.92,0,0.437,6.127,18.4,5.5027,4,289,16,396.9,8.58,23.9
296,0.08199,0,13.92,0,0.437,6.009,42.3,5.5027,4,289,16,396.9,10.4,21.7
297,0.12932,0,13.92,0,0.437,6.678,31.1,5.9604,4,289,16,396.9,6.27,28.6
298,0.05372,0,13.92,0,0.437,6.549,51,5.9604,4,289,16,392.85,7.39,27.1
299,0.14103,0,13.92,0,0.437,5.79,58,6.32,4,289,16,396.9,15.84,20.3
300,0.06466,70,2.24,0,0.4,6.345,20.1,7.8278,5,358,14.8,368.24,4.97,22.5
301,0.05561,70,2.24,0,0.4,7.041,10,7.8278,5,358,14.8,371.58,4.74,29
302,0.04417,70,2.24,0,0.4,6.871,47.4,7.8278,5,358,14.8,390.86,6.07,24.8
303,0.03537,34,6.09,0,0.433,6.59,40.4,5.4917,7,329,16.1,395.75,9.5,22
304,0.09266,34,6.09,0,0.433,6.495,18.4,5.4917,7,329,16.1,383.61,8.67,26.4
305,0.1,34,6.09,0,0.433,6.982,17.7,5.4917,7,329,16.1,390.43,4.86,33.1
306,0.05515,33,2.18,0,0.472,7.236,41.1,4.022,7,222,18.4,393.68,6.93,36.1
307,0.05479,33,2.18,0,0.472,6.616,58.1,3.37,7,222,18.4,393.36,8.93,28.4
308,0.07503,33,2.18,0,0.472,7.42,71.9,3.0992,7,222,18.4,396.9,6.47,33.4
309,0.04932,33,2.18,0,0.472,6.849,70.3,3.1827,7,222,18.4,396.9,7.53,28.2
310,0.49298,0,9.9,0,0.544,6.635,82.5,3.3175,4,304,18.4,396.9,4.54,22.8
311,0.3494,0,9.9,0,0.544,5.972,76.7,3.1025,4,304,18.4,396.24,9.97,20.3
312,2.63548,0,9.9,0,0.544,4.973,37.8,2.5194,4,304,18.4,350.45,12.64,16.1
313,0.79041,0,9.9,0,0.544,6.122,52.8,2.6403,4,304,18.4,396.9,5.98,22.1
314,0.26169,0,9.9,0,0.544,6.023,90.4,2.834,4,304,18.4,396.3,11.72,19.4
315,0.26938,0,9.9,0,0.544,6.266,82.8,3.2628,4,304,18.4,393.39,7.9,21.6
316,0.3692,0,9.9,0,0.544,6.567,87.3,3.6023,4,304,18.4,395.69,9.28,23.8
317,0.25356,0,9.9,0,0.544,5.705,77.7,3.945,4,304,18.4,396.42,11.5,16.2
318,0.31827,0,9.9,0,0.544,5.914,83.2,3.9986,4,304,18.4,390.7,18.33,17.8
319,0.24522,0,9.9,0,0.544,5.782,71.7,4.0317,4,304,18.4,396.9,15.94,19.8
320,0.40202,0,9.9,0,0.544,6.382,67.2,3.5325,4,304,18.4,395.21,10.36,23.1
321,0.47547,0,9.9,0,0.544,6.113,58.8,4.0019,4,304,18.4,396.23,12.73,21
322,0.1676,0,7.38,0,0.493,6.426,52.3,4.5404,5,287,19.6,396.9,7.2,23.8
323,0.18159,0,7.38,0,0.493,6.376,54.3,4.5404,5,287,19.6,396.9,6.87,23.1
324,0.35114,0,7.38,0,0.493,6.041,49.9,4.7211,5,287,19.6,396.9,7.7,20.4
325,0.28392,0,7.38,0,0.493,5.708,74.3,4.7211,5,287,19.6,391.13,11.74,18.5
326,0.34109,0,7.38,0,0.493,6.415,40.1,4.7211,5,287,19.6,396.9,6.12,25
327,0.19186,0,7.38,0,0.493,6.431,14.7,5.4159,5,287,19.6,393.68,5.08,24.6
328,0.30347,0,7.38,0,0.493,6.312,28.9,5.4159,5,287,19.6,396.9,6.15,23
329,0.24103,0,7.38,0,0.493,6.083,43.7,5.4159,5,287,19.6,396.9,12.79,22.2
330,0.06617,0,3.24,0,0.46,5.868,25.8,5.2146,4,430,16.9,382.44,9.97,19.3
331,0.06724,0,3.24,0,0.46,6.333,17.2,5.2146,4,430,16.9,375.21,7.34,22.6
332,0.04544,0,3.24,0,0.46,6.144,32.2,5.8736,4,430,16.9,368.57,9.09,19.8
333,0.05023,35,6.06,0,0.4379,5.706,28.4,6.6407,1,304,16.9,394.02,12.43,17.1
334,0.03466,35,6.06,0,0.4379,6.031,23.3,6.6407,1,304,16.9,362.25,7.83,19.4
335,0.05083,0,5.19,0,0.515,6.316,38.1,6.4584,5,224,20.2,389.71,5.68,22.2
336,0.03738,0,5.19,0,0.515,6.31,38.5,6.4584,5,224,20.2,389.4,6.75,20.7
337,0.03961,0,5.19,0,0.515,6.037,34.5,5.9853,5,224,20.2,396.9,8.01,21.1
338,0.03427,0,5.19,0,0.515,5.869,46.3,5.2311,5,224,20.2,396.9,9.8,19.5
339,0.03041,0,5.19,0,0.515,5.895,59.6,5.615,5,224,20.2,394.81,10.56,18.5
340,0.03306,0,5.19,0,0.515,6.059,37.3,4.8122,5,224,20.2,396.14,8.51,20.6
341,0.05497,0,5.19,0,0.515,5.985,45.4,4.8122,5,224,20.2,396.9,9.74,19
342,0.06151,0,5.19,0,0.515,5.968,58.5,4.8122,5,224,20.2,396.9,9.29,18.7
343,0.01301,35,1.52,0,0.442,7.241,49.3,7.0379,1,284,15.5,394.74,5.49,32.7
344,0.02498,0,1.89,0,0.518,6.54,59.7,6.2669,1,422,15.9,389.96,8.65,16.5
345,0.02543,55,3.78,0,0.484,6.696,56.4,5.7321,5,370,17.6,396.9,7.18,23.9
346,0.03049,55,3.78,0,0.484,6.874,28.1,6.4654,5,370,17.6,387.97,4.61,31.2
347,0.03113,0,4.39,0,0.442,6.014,48.5,8.0136,3,352,18.8,385.64,10.53,17.5
348,0.06162,0,4.39,0,0.442,5.898,52.3,8.0136,3,352,18.8,364.61,12.67,17.2
349,0.0187,85,4.15,0,0.429,6.516,27.7,8.5353,4,351,17.9,392.43,6.36,23.1
350,0.01501,80,2.01,0,0.435,6.635,29.7,8.344,4,280,17,390.94,5.99,24.5
351,0.02899,40,1.25,0,0.429,6.939,34.5,8.7921,1,335,19.7,389.85,5.89,26.6
352,0.06211,40,1.25,0,0.429,6.49,44.4,8.7921,1,335,19.7,396.9,5.98,22.9
353,0.0795,60,1.69,0,0.411,6.579,35.9,10.7103,4,411,18.3,370.78,5.49,24.1
354,0.07244,60,1.69,0,0.411,5.884,18.5,10.7103,4,411,18.3,392.33,7.79,18.6
355,0.01709,90,2.02,0,0.41,6.728,36.1,12.1265,5,187,17,384.46,4.5,30.1
356,0.04301,80,1.91,0,0.413,5.663,21.9,10.5857,4,334,22,382.8,8.05,18.2
357,0.10659,80,1.91,0,0.413,5.936,19.5,10.5857,4,334,22,376.04,5.57,20.6
358,8.98296,0,18.1,1,0.77,6.212,97.4,2.1222,24,666,20.2,377.73,17.6,17.8
359,3.8497,0,18.1,1,0.77,6.395,91,2.5052,24,666,20.2,391.34,13.27,21.7
360,5.20177,0,18.1,1,0.77,6.127,83.4,2.7227,24,666,20.2,395.43,11.48,22.7
361,4.26131,0,18.1,0,0.77,6.112,81.3,2.5091,24,666,20.2,390.74,12.67,22.6
362,4.54192,0,18.1,0,0.77,6.398,88,2.5182,24,666,20.2,374.56,7.79,25
363,3.83684,0,18.1,0,0.77,6.251,91.1,2.2955,24,666,20.2,350.65,14.19,19.9
364,3.67822,0,18.1,0,0.77,5.362,96.2,2.1036,24,666,20.2,380.79,10.19,20.8
365,4.22239,0,18.1,1,0.77,5.803,89,1.9047,24,666,20.2,353.04,14.64,16.8
366,3.47428,0,18.1,1,0.718,8.78,82.9,1.9047,24,666,20.2,354.55,5.29,21.9
367,4.55587,0,18.1,0,0.718,3.561,87.9,1.6132,24,666,20.2,354.7,7.12,27.5
368,3.69695,0,18.1,0,0.718,4.963,91.4,1.7523,24,666,20.2,316.03,14,21.9
369,13.5222,0,18.1,0,0.631,3.863,100,1.5106,24,666,20.2,131.42,13.33,23.1
370,4.89822,0,18.1,0,0.631,4.97,100,1.3325,24,666,20.2,375.52,3.26,50
371,5.66998,0,18.1,1,0.631,6.683,96.8,1.3567,24,666,20.2,375.33,3.73,50
372,6.53876,0,18.1,1,0.631,7.016,97.5,1.2024,24,666,20.2,392.05,2.96,50
373,9.2323,0,18.1,0,0.631,6.216,100,1.1691,24,666,20.2,366.15,9.53,50
374,8.26725,0,18.1,1,0.668,5.875,89.6,1.1296,24,666,20.2,347.88,8.88,50
375,11.1081,0,18.1,0,0.668,4.906,100,1.1742,24,666,20.2,396.9,34.77,13.8
376,18.4982,0,18.1,0,0.668,4.138,100,1.137,24,666,20.2,396.9,37.97,13.8
377,19.6091,0,18.1,0,0.671,7.313,97.9,1.3163,24,666,20.2,396.9,13.44,15
378,15.288,0,18.1,0,0.671,6.649,93.3,1.3449,24,666,20.2,363.02,23.24,13.9
379,9.82349,0,18.1,0,0.671,6.794,98.8,1.358,24,666,20.2,396.9,21.24,13.3
380,23.6482,0,18.1,0,0.671,6.38,96.2,1.3861,24,666,20.2,396.9,23.69,13.1
381,17.8667,0,18.1,0,0.671,6.223,100,1.3861,24,666,20.2,393.74,21.78,10.2
382,88.9762,0,18.1,0,0.671,6.968,91.9,1.4165,24,666,20.2,396.9,17.21,10.4
383,15.8744,0,18.1,0,0.671,6.545,99.1,1.5192,24,666,20.2,396.9,21.08,10.9
384,9.18702,0,18.1,0,0.7,5.536,100,1.5804,24,666,20.2,396.9,23.6,11.3
385,7.99248,0,18.1,0,0.7,5.52,100,1.5331,24,666,20.2,396.9,24.56,12.3
386,20.0849,0,18.1,0,0.7,4.368,91.2,1.4395,24,666,20.2,285.83,30.63,8.8
387,16.8118,0,18.1,0,0.7,5.277,98.1,1.4261,24,666,20.2,396.9,30.81,7.2
388,24.3938,0,18.1,0,0.7,4.652,100,1.4672,24,666,20.2,396.9,28.28,10.5
389,22.5971,0,18.1,0,0.7,5,89.5,1.5184,24,666,20.2,396.9,31.99,7.4
390,14.3337,0,18.1,0,0.7,4.88,100,1.5895,24,666,20.2,372.92,30.62,10.2
391,8.15174,0,18.1,0,0.7,5.39,98.9,1.7281,24,666,20.2,396.9,20.85,11.5
392,6.96215,0,18.1,0,0.7,5.713,97,1.9265,24,666,20.2,394.43,17.11,15.1
393,5.29305,0,18.1,0,0.7,6.051,82.5,2.1678,24,666,20.2,378.38,18.76,23.2
394,11.5779,0,18.1,0,0.7,5.036,97,1.77,24,666,20.2,396.9,25.68,9.7
395,8.64476,0,18.1,0,0.693,6.193,92.6,1.7912,24,666,20.2,396.9,15.17,13.8
396,13.3598,0,18.1,0,0.693,5.887,94.7,1.7821,24,666,20.2,396.9,16.35,12.7
397,8.71675,0,18.1,0,0.693,6.471,98.8,1.7257,24,666,20.2,391.98,17.12,13.1
398,5.87205,0,18.1,0,0.693,6.405,96,1.6768,24,666,20.2,396.9,19.37,12.5
399,7.67202,0,18.1,0,0.693,5.747,98.9,1.6334,24,666,20.2,393.1,19.92,8.5
400,38.3518,0,18.1,0,0.693,5.453,100,1.4896,24,666,20.2,396.9,30.59,5
401,9.91655,0,18.1,0,0.693,5.852,77.8,1.5004,24,666,20.2,338.16,29.97,6.3
402,25.0461,0,18.1,0,0.693,5.987,100,1.5888,24,666,20.2,396.9,26.77,5.6
403,14.2362,0,18.1,0,0.693,6.343,100,1.5741,24,666,20.2,396.9,20.32,7.2
404,9.59571,0,18.1,0,0.693,6.404,100,1.639,24,666,20.2,376.11,20.31,12.1
405,24.8017,0,18.1,0,0.693,5.349,96,1.7028,24,666,20.2,396.9,19.77,8.3
406,41.5292,0,18.1,0,0.693,5.531,85.4,1.6074,24,666,20.2,329.46,27.38,8.5
407,67.9208,0,18.1,0,0.693,5.683,100,1.4254,24,666,20.2,384.97,22.98,5
408,20.7162,0,18.1,0,0.659,4.138,100,1.1781,24,666,20.2,370.22,23.34,11.9
409,11.9511,0,18.1,0,0.659,5.608,100,1.2852,24,666,20.2,332.09,12.13,27.9
410,7.40389,0,18.1,0,0.597,5.617,97.9,1.4547,24,666,20.2,314.64,26.4,17.2
411,14.4383,0,18.1,0,0.597,6.852,100,1.4655,24,666,20.2,179.36,19.78,27.5
412,51.1358,0,18.1,0,0.597,5.757,100,1.413,24,666,20.2,2.6,10.11,15
413,14.0507,0,18.1,0,0.597,6.657,100,1.5275,24,666,20.2,35.05,21.22,17.2
414,18.811,0,18.1,0,0.597,4.628,100,1.5539,24,666,20.2,28.79,34.37,17.9
415,28.6558,0,18.1,0,0.597,5.155,100,1.5894,24,666,20.2,210.97,20.08,16.3
416,45.7461,0,18.1,0,0.693,4.519,100,1.6582,24,666,20.2,88.27,36.98,7
417,18.0846,0,18.1,0,0.679,6.434,100,1.8347,24,666,20.2,27.25,29.05,7.2
418,10.8342,0,18.1,0,0.679,6.782,90.8,1.8195,24,666,20.2,21.57,25.79,7.5
419,25.9406,0,18.1,0,0.679,5.304,89.1,1.6475,24,666,20.2,127.36,26.64,10.4
420,73.5341,0,18.1,0,0.679,5.957,100,1.8026,24,666,20.2,16.45,20.62,8.8
421,11.8123,0,18.1,0,0.718,6.824,76.5,1.794,24,666,20.2,48.45,22.74,8.4
422,11.0874,0,18.1,0,0.718,6.411,100,1.8589,24,666,20.2,318.75,15.02,16.7
423,7.02259,0,18.1,0,0.718,6.006,95.3,1.8746,24,666,20.2,319.98,15.7,14.2
424,12.0482,0,18.1,0,0.614,5.648,87.6,1.9512,24,666,20.2,291.55,14.1,20.8
425,7.05042,0,18.1,0,0.614,6.103,85.1,2.0218,24,666,20.2,2.52,23.29,13.4
426,8.79212,0,18.1,0,0.584,5.565,70.6,2.0635,24,666,20.2,3.65,17.16,11.7
427,15.8603,0,18.1,0,0.679,5.896,95.4,1.9096,24,666,20.2,7.68,24.39,8.3
428,12.2472,0,18.1,0,0.584,5.837,59.7,1.9976,24,666,20.2,24.65,15.69,10.2
429,37.6619,0,18.1,0,0.679,6.202,78.7,1.8629,24,666,20.2,18.82,14.52,10.9
430,7.36711,0,18.1,0,0.679,6.193,78.1,1.9356,24,666,20.2,96.73,21.52,11
431,9.33889,0,18.1,0,0.679,6.38,95.6,1.9682,24,666,20.2,60.72,24.08,9.5
432,8.49213,0,18.1,0,0.584,6.348,86.1,2.0527,24,666,20.2,83.45,17.64,14.5
433,10.0623,0,18.1,0,0.584,6.833,94.3,2.0882,24,666,20.2,81.33,19.69,14.1
434,6.44405,0,18.1,0,0.584,6.425,74.8,2.2004,24,666,20.2,97.95,12.03,16.1
435,5.58107,0,18.1,0,0.713,6.436,87.9,2.3158,24,666,20.2,100.19,16.22,14.3
436,13.9134,0,18.1,0,0.713,6.208,95,2.2222,24,666,20.2,100.63,15.17,11.7
437,11.1604,0,18.1,0,0.74,6.629,94.6,2.1247,24,666,20.2,109.85,23.27,13.4
438,14.4208,0,18.1,0,0.74,6.461,93.3,2.0026,24,666,20.2,27.49,18.05,9.6
439,15.1772,0,18.1,0,0.74,6.152,100,1.9142,24,666,20.2,9.32,26.45,8.7
440,13.6781,0,18.1,0,0.74,5.935,87.9,1.8206,24,666,20.2,68.95,34.02,8.4
441,9.39063,0,18.1,0,0.74,5.627,93.9,1.8172,24,666,20.2,396.9,22.88,12.8
442,22.0511,0,18.1,0,0.74,5.818,92.4,1.8662,24,666,20.2,391.45,22.11,10.5
443,9.72418,0,18.1,0,0.74,6.406,97.2,2.0651,24,666,20.2,385.96,19.52,17.1
444,5.66637,0,18.1,0,0.74,6.219,100,2.0048,24,666,20.2,395.69,16.59,18.4
445,9.96654,0,18.1,0,0.74,6.485,100,1.9784,24,666,20.2,386.73,18.85,15.4
446,12.8023,0,18.1,0,0.74,5.854,96.6,1.8956,24,666,20.2,240.52,23.79,10.8
447,10.6718,0,18.1,0,0.74,6.459,94.8,1.9879,24,666,20.2,43.06,23.98,11.8
448,6.28807,0,18.1,0,0.74,6.341,96.4,2.072,24,666,20.2,318.01,17.79,14.9
449,9.92485,0,18.1,0,0.74,6.251,96.6,2.198,24,666,20.2,388.52,16.44,12.6
450,9.32909,0,18.1,0,0.713,6.185,98.7,2.2616,24,666,20.2,396.9,18.13,14.1
451,7.52601,0,18.1,0,0.713,6.417,98.3,2.185,24,666,20.2,304.21,19.31,13
452,6.71772,0,18.1,0,0.713,6.749,92.6,2.3236,24,666,20.2,0.32,17.44,13.4
453,5.44114,0,18.1,0,0.713,6.655,98.2,2.3552,24,666,20.2,355.29,17.73,15.2
454,5.09017,0,18.1,0,0.713,6.297,91.8,2.3682,24,666,20.2,385.09,17.27,16.1
455,8.24809,0,18.1,0,0.713,7.393,99.3,2.4527,24,666,20.2,375.87,16.74,17.8
456,9.51363,0,18.1,0,0.713,6.728,94.1,2.4961,24,666,20.2,6.68,18.71,14.9
457,4.75237,0,18.1,0,0.713,6.525,86.5,2.4358,24,666,20.2,50.92,18.13,14.1
458,4.66883,0,18.1,0,0.713,5.976,87.9,2.5806,24,666,20.2,10.48,19.01,12.7
459,8.20058,0,18.1,0,0.713,5.936,80.3,2.7792,24,666,20.2,3.5,16.94,13.5
460,7.75223,0,18.1,0,0.713,6.301,83.7,2.7831,24,666,20.2,272.21,16.23,14.9
461,6.80117,0,18.1,0,0.713,6.081,84.4,2.7175,24,666,20.2,396.9,14.7,20
462,4.81213,0,18.1,0,0.713,6.701,90,2.5975,24,666,20.2,255.23,16.42,16.4
463,3.69311,0,18.1,0,0.713,6.376,88.4,2.5671,24,666,20.2,391.43,14.65,17.7
464,6.65492,0,18.1,0,0.713,6.317,83,2.7344,24,666,20.2,396.9,13.99,19.5
465,5.82115,0,18.1,0,0.713,6.513,89.9,2.8016,24,666,20.2,393.82,10.29,20.2
466,7.83932,0,18.1,0,0.655,6.209,65.4,2.9634,24,666,20.2,396.9,13.22,21.4
467,3.1636,0,18.1,0,0.655,5.759,48.2,3.0665,24,666,20.2,334.4,14.13,19.9
468,3.77498,0,18.1,0,0.655,5.952,84.7,2.8715,24,666,20.2,22.01,17.15,19
469,4.42228,0,18.1,0,0.584,6.003,94.5,2.5403,24,666,20.2,331.29,21.32,19.1
470,15.5757,0,18.1,0,0.58,5.926,71,2.9084,24,666,20.2,368.74,18.13,19.1
471,13.0751,0,18.1,0,0.58,5.713,56.7,2.8237,24,666,20.2,396.9,14.76,20.1
472,4.34879,0,18.1,0,0.58,6.167,84,3.0334,24,666,20.2,396.9,16.29,19.9
473,4.03841,0,18.1,0,0.532,6.229,90.7,3.0993,24,666,20.2,395.33,12.87,19.6
474,3.56868,0,18.1,0,0.58,6.437,75,2.8965,24,666,20.2,393.37,14.36,23.2
475,4.64689,0,18.1,0,0.614,6.98,67.6,2.5329,24,666,20.2,374.68,11.66,29.8
476,8.05579,0,18.1,0,0.584,5.427,95.4,2.4298,24,666,20.2,352.58,18.14,13.8
477,6.39312,0,18.1,0,0.584,6.162,97.4,2.206,24,666,20.2,302.76,24.1,13.3
478,4.87141,0,18.1,0,0.614,6.484,93.6,2.3053,24,666,20.2,396.21,18.68,16.7
479,15.0234,0,18.1,0,0.614,5.304,97.3,2.1007,24,666,20.2,349.48,24.91,12
480,10.233,0,18.1,0,0.614,6.185,96.7,2.1705,24,666,20.2,379.7,18.03,14.6
481,14.3337,0,18.1,0,0.614,6.229,88,1.9512,24,666,20.2,383.32,13.11,21.4
482,5.82401,0,18.1,0,0.532,6.242,64.7,3.4242,24,666,20.2,396.9,10.74,23
483,5.70818,0,18.1,0,0.532,6.75,74.9,3.3317,24,666,20.2,393.07,7.74,23.7
484,5.73116,0,18.1,0,0.532,7.061,77,3.4106,24,666,20.2,395.28,7.01,25
485,2.81838,0,18.1,0,0.532,5.762,40.3,4.0983,24,666,20.2,392.92,10.42,21.8
486,2.37857,0,18.1,0,0.583,5.871,41.9,3.724,24,666,20.2,370.73,13.34,20.6
487,3.67367,0,18.1,0,0.583,6.312,51.9,3.9917,24,666,20.2,388.62,10.58,21.2
488,5.69175,0,18.1,0,0.583,6.114,79.8,3.5459,24,666,20.2,392.68,14.98,19.1
489,4.83567,0,18.1,0,0.583,5.905,53.2,3.1523,24,666,20.2,388.22,11.45,20.6
490,0.15086,0,27.74,0,0.609,5.454,92.7,1.8209,4,711,20.1,395.09,18.06,15.2
491,0.18337,0,27.74,0,0.609,5.414,98.3,1.7554,4,711,20.1,344.05,23.97,7
492,0.20746,0,27.74,0,0.609,5.093,98,1.8226,4,711,20.1,318.43,29.68,8.1
493,0.10574,0,27.74,0,0.609,5.983,98.8,1.8681,4,711,20.1,390.11,18.07,13.6
494,0.11132,0,27.74,0,0.609,5.983,83.5,2.1099,4,711,20.1,396.9,13.35,20.1
495,0.17331,0,9.69,0,0.585,5.707,54,2.3817,6,391,19.2,396.9,12.01,21.8
496,0.27957,0,9.69,0,0.585,5.926,42.6,2.3817,6,391,19.2,396.9,13.59,24.5
497,0.17899,0,9.69,0,0.585,5.67,28.8,2.7986,6,391,19.2,393.29,17.6,23.1
498,0.2896,0,9.69,0,0.585,5.39,72.9,2.7986,6,391,19.2,396.9,21.14,19.7
499,0.26838,0,9.69,0,0.585,5.794,70.6,2.8927,6,391,19.2,396.9,14.1,18.3
500,0.23912,0,9.69,0,0.585,6.019,65.3,2.4091,6,391,19.2,396.9,12.92,21.2
501,0.17783,0,9.69,0,0.585,5.569,73.5,2.3999,6,391,19.2,395.77,15.1,17.5
502,0.22438,0,9.69,0,0.585,6.027,79.7,2.4982,6,391,19.2,396.9,14.33,16.8
503,0.06263,0,11.93,0,0.573,6.593,69.1,2.4786,1,273,21,391.99,9.67,22.4
504,0.04527,0,11.93,0,0.573,6.12,76.7,2.2875,1,273,21,396.9,9.08,20.6
505,0.06076,0,11.93,0,0.573,6.976,91,2.1675,1,273,21,396.9,5.64,23.9
506,0.10959,0,11.93,0,0.573,6.794,89.3,2.3889,1,273,21,393.45,6.48,22
507,0.04741,0,11.93,0,0.573,6.03,80.8,2.505,1,273,21,396.9,7.88,11.9
8100,4,1,4,yes,no,yes,no,yes,2,no,semi-furnished,4795000,,
3420,4,2,2,yes,no,no,no,no,0,no,semi-furnished,4767000,,
9166,2,1,1,yes,no,yes,no,yes,2,no,semi-furnished,4760000,,
6321,3,1,2,yes,no,yes,no,yes,1,no,furnished,4760000,,
10240,2,1,1,yes,no,no,no,yes,2,yes,unfurnished,4760000,,
6440,2,1,1,yes,no,no,no,yes,3,no,semi-furnished,4753000,,
5170,3,1,4,yes,no,no,no,yes,0,no,semi-furnished,4690000,,
6000,2,1,1,yes,no,yes,no,yes,1,no,furnished,4690000,,
3630,3,1,2,yes,no,no,no,no,2,no,semi-furnished,4690000,,
9667,4,2,2,yes,yes,yes,no,no,1,no,semi-furnished,4690000,,
5400,2,1,2,yes,no,no,no,no,0,yes,semi-furnished,4690000,,
4320,3,1,1,yes,no,no,no,no,0,yes,semi-furnished,4690000,,
3745,3,1,2,yes,no,yes,no,no,0,no,furnished,4655000,,
4160,3,1,1,yes,yes,yes,no,yes,0,no,unfurnished,4620000,,
3880,3,2,2,yes,no,yes,no,no,2,no,semi-furnished,4620000,,
5680,3,1,2,yes,yes,no,no,yes,1,no,semi-furnished,4620000,,
2870,2,1,2,yes,yes,yes,no,no,0,yes,semi-furnished,4620000,,
5010,3,1,2,yes,no,yes,no,no,0,no,semi-furnished,4620000,,
4510,4,2,2,yes,no,yes,no,no,0,no,semi-furnished,4613000,,
4000,3,1,2,yes,no,no,no,no,1,no,furnished,4585000,,
3840,3,1,2,yes,no,no,no,no,1,yes,semi-furnished,4585000,,
3760,3,1,1,yes,no,no,no,no,2,no,semi-furnished,4550000,,
3640,3,1,2,yes,no,no,no,yes,0,no,furnished,4550000,,
2550,3,1,2,yes,no,yes,no,no,0,no,furnished,4550000,,
5320,3,1,2,yes,yes,yes,no,no,0,yes,semi-furnished,4550000,,
5360,3,1,2,yes,no,no,no,no,2,yes,unfurnished,4550000,,
3520,3,1,1,yes,no,no,no,no,0,yes,semi-furnished,4550000,,
8400,4,1,4,yes,no,no,no,no,3,no,unfurnished,4550000,,
4100,2,2,1,yes,yes,yes,no,no,0,no,semi-furnished,4543000,,
4990,4,2,2,yes,yes,yes,no,no,0,yes,furnished,4543000,,
3510,3,1,3,yes,no,no,no,no,0,no,semi-furnished,4515000,,
3450,3,1,2,yes,no,yes,no,no,1,no,semi-furnished,4515000,,
9860,3,1,1,yes,no,no,no,no,0,no,semi-furnished,4515000,,
3520,2,1,2,yes,no,no,no,no,0,yes,furnished,4515000,,
4510,4,1,2,yes,no,no,no,yes,2,no,semi-furnished,4480000,,
5885,2,1,1,yes,no,no,no,yes,1,no,unfurnished,4480000,,
4000,3,1,2,yes,no,no,no,no,2,no,furnished,4480000,,
8250,3,1,1,yes,no,no,no,no,0,no,furnished,4480000,,
4040,3,1,2,yes,no,no,no,no,1,no,semi-furnished,4480000,,
6360,2,1,1,yes,no,yes,no,yes,1,no,furnished,4473000,,
3162,3,1,2,yes,no,no,no,yes,1,no,furnished,4473000,,
3510,3,1,2,yes,no,no,no,no,0,no,semi-furnished,4473000,,
3750,2,1,1,yes,yes,yes,no,no,0,no,semi-furnished,4445000,,
3968,3,1,2,no,no,no,no,no,0,no,semi-furnished,4410000,,
4900,2,1,2,yes,no,yes,no,no,0,no,semi-furnished,4410000,,
2880,3,1,2,yes,no,no,no,no,0,yes,semi-furnished,4403000,,
4880,3,1,1,yes,no,no,no,no,2,yes,unfurnished,4403000,,
4920,3,1,2,yes,no,no,no,no,1,no,semi-furnished,4403000,,
4950,4,1,2,yes,no,no,no,yes,0,no,semi-furnished,4382000,,
3900,3,1,2,yes,no,no,no,no,0,no,unfurnished,4375000,,
4500,3,2,3,yes,no,no,yes,no,1,no,furnished,4340000,,
1905,5,1,2,no,no,yes,no,no,0,no,semi-furnished,4340000,,
4075,3,1,1,yes,yes,yes,no,no,2,no,semi-furnished,4340000,,
3500,4,1,2,yes,no,no,no,no,2,no,furnished,4340000,,
6450,4,1,2,yes,no,no,no,no,0,no,semi-furnished,4340000,,
4032,2,1,1,yes,no,yes,no,no,0,no,furnished,4319000,,
4400,2,1,1,yes,no,no,no,no,1,no,semi-furnished,4305000,,
10360,2,1,1,yes,no,no,no,no,1,yes,semi-furnished,4305000,,
3400,3,1,2,yes,no,yes,no,no,2,yes,semi-furnished,4277000,,
6360,2,1,1,yes,no,no,no,no,0,no,furnished,4270000,,
6360,2,1,2,yes,no,no,no,no,0,no,unfurnished,4270000,,
4500,2,1,1,yes,no,no,no,yes,2,no,furnished,4270000,,
2175,3,1,2,no,yes,yes,no,yes,0,no,unfurnished,4270000,,
4360,4,1,2,yes,no,no,no,no,0,no,furnished,4270000,,
7770,2,1,1,yes,no,no,no,no,1,no,furnished,4270000,,
6650,3,1,2,yes,yes,no,no,no,0,no,semi-furnished,4235000,,
2787,3,1,1,yes,no,yes,no,no,0,yes,furnished,4235000,,
5500,3,1,2,yes,no,no,no,yes,0,no,unfurnished,4200000,,
5040,3,1,2,yes,no,yes,no,yes,0,no,unfurnished,4200000,,
5850,2,1,1,yes,yes,yes,no,no,2,no,semi-furnished,4200000,,
2610,4,3,2,no,no,no,no,no,0,no,semi-furnished,4200000,,
2953,3,1,2,yes,no,yes,no,yes,0,no,unfurnished,4200000,,
2747,4,2,2,no,no,no,no,no,0,no,semi-furnished,4200000,,
4410,2,1,1,no,no,no,no,no,1,no,unfurnished,4200000,,
4000,4,2,2,no,no,no,no,no,0,no,semi-furnished,4200000,,
2325,3,1,2,no,no,no,no,no,0,no,semi-furnished,4200000,,
4600,3,2,2,yes,no,no,no,yes,1,no,semi-furnished,4200000,,
3640,3,2,2,yes,no,yes,no,no,0,no,unfurnished,4200000,,
5800,3,1,1,yes,no,no,yes,no,2,no,semi-furnished,4200000,,
7000,3,1,1,yes,no,no,no,no,3,no,furnished,4200000,,
4079,3,1,3,yes,no,no,no,no,0,no,semi-furnished,4200000,,
3520,3,1,2,yes,no,no,no,no,0,yes,semi-furnished,4200000,,
2145,3,1,3,yes,no,no,no,no,1,yes,unfurnished,4200000,,
4500,3,1,1,yes,no,yes,no,no,0,no,furnished,4200000,,
8250,3,1,1,yes,no,yes,no,no,3,no,semi-furnished,4193000,,
3450,3,1,2,yes,no,no,no,no,1,no,semi-furnished,4193000,,
4840,3,1,2,yes,no,no,no,no,1,no,semi-furnished,4165000,,
4080,3,1,2,yes,no,no,no,no,2,no,semi-furnished,4165000,,
4046,3,1,2,yes,no,yes,no,no,1,no,semi-furnished,4165000,,
4632,4,1,2,yes,no,no,no,yes,0,no,semi-furnished,4130000,,
5985,3,1,1,yes,no,yes,no,no,0,no,semi-furnished,4130000,,
6060,2,1,1,yes,no,yes,no,no,1,no,semi-furnished,4123000,,
3600,3,1,1,yes,no,yes,no,yes,0,yes,furnished,4098500,,
3680,3,2,2,yes,no,no,no,no,0,no,semi-furnished,4095000,,
4040,2,1,2,yes,no,no,no,no,1,no,semi-furnished,4095000,,
5600,2,1,1,yes,no,no,no,yes,0,no,semi-furnished,4095000,,
5900,4,2,2,no,no,yes,no,no,1,no,unfurnished,4060000,,
4992,3,2,2,yes,no,no,no,no,2,no,unfurnished,4060000,,
4340,3,1,1,yes,no,no,no,no,0,no,semi-furnished,4060000,,
3000,4,1,3,yes,no,yes,no,yes,2,no,semi-furnished,4060000,,
4320,3,1,2,yes,no,no,no,no,2,yes,furnished,4060000,,
3630,3,2,2,yes,no,no,yes,no,2,no,semi-furnished,4025000,,
3460,3,2,1,yes,no,yes,no,yes,1,no,furnished,4025000,,
5400,3,1,1,yes,no,no,no,no,3,no,semi-furnished,4025000,,
4500,3,1,2,no,no,yes,no,yes,0,no,semi-furnished,4007500,,
3460,4,1,2,yes,no,no,no,yes,0,no,semi-furnished,4007500,,
4100,4,1,1,no,no,yes,no,no,0,no,unfurnished,3990000,,
6480,3,1,2,no,no,no,no,yes,1,no,semi-furnished,3990000,,
4500,3,2,2,no,no,yes,no,yes,0,no,semi-furnished,3990000,,
3960,3,1,2,yes,no,no,no,no,0,no,furnished,3990000,,
4050,2,1,2,yes,yes,yes,no,no,0,yes,unfurnished,3990000,,
7260,3,2,1,yes,yes,yes,no,no,3,no,furnished,3920000,,
5500,4,1,2,yes,yes,yes,no,no,0,no,semi-furnished,3920000,,
3000,3,1,2,yes,no,no,no,no,0,no,semi-furnished,3920000,,
3290,2,1,1,yes,no,no,yes,no,1,no,furnished,3920000,,
3816,2,1,1,yes,no,yes,no,yes,2,no,furnished,3920000,,
8080,3,1,1,yes,no,no,no,yes,2,no,semi-furnished,3920000,,
2145,4,2,1,yes,no,yes,no,no,0,yes,unfurnished,3920000,,
3780,2,1,2,yes,yes,yes,no,no,0,no,semi-furnished,3885000,,
3180,4,2,2,yes,no,no,no,no,0,no,furnished,3885000,,
5300,5,2,2,yes,no,no,no,no,0,no,semi-furnished,3850000,,
3180,2,2,1,yes,no,yes,no,no,2,no,semi-furnished,3850000,,
7152,3,1,2,yes,no,no,no,yes,0,no,furnished,3850000,,
4080,2,1,1,yes,no,no,no,no,0,no,semi-furnished,3850000,,
3850,2,1,1,yes,no,no,no,no,0,no,semi-furnished,3850000,,
2015,3,1,2,yes,no,yes,no,no,0,yes,semi-furnished,3850000,,
2176,2,1,2,yes,yes,no,no,no,0,yes,semi-furnished,3850000,,
3350,3,1,2,yes,no,no,no,no,0,no,unfurnished,3836000,,
3150,2,2,1,no,no,yes,no,no,0,no,semi-furnished,3815000,,
4820,3,1,2,yes,no,no,no,no,0,no,semi-furnished,3780000,,
3420,2,1,2,yes,no,no,yes,no,1,no,semi-furnished,3780000,,
3600,2,1,1,yes,no,no,no,no,0,no,semi-furnished,3780000,,
5830,2,1,1,yes,no,no,no,no,2,no,unfurnished,3780000,,
2856,3,1,3,yes,no,no,no,no,0,yes,furnished,3780000,,
8400,2,1,1,yes,no,no,no,no,1,no,furnished,3780000,,
8250,3,1,1,yes,no,no,no,no,2,no,furnished,3773000,,
2520,5,2,1,no,no,yes,no,yes,1,no,furnished,3773000,,
6930,4,1,2,no,no,no,no,no,1,no,furnished,3773000,,
3480,2,1,1,yes,no,no,no,no,0,yes,semi-furnished,3745000,,
3600,3,1,1,yes,no,no,no,no,1,no,unfurnished,3710000,,
4040,2,1,1,yes,no,no,no,no,0,no,semi-furnished,3710000,,
6020,3,1,1,yes,no,no,no,no,0,no,semi-furnished,3710000,,
4050,2,1,1,yes,no,no,no,no,0,no,furnished,3710000,,
3584,2,1,1,yes,no,no,yes,no,0,no,semi-furnished,3710000,,
3120,3,1,2,no,no,yes,yes,no,0,no,semi-furnished,3703000,,
5450,2,1,1,yes,no,no,no,no,0,no,furnished,3703000,,
3630,2,1,1,yes,no,yes,no,no,0,no,furnished,3675000,,
3630,2,1,1,yes,no,no,no,yes,0,no,unfurnished,3675000,,
5640,2,1,1,no,no,no,no,no,0,no,semi-furnished,3675000,,
3600,2,1,1,yes,no,no,no,no,0,no,furnished,3675000,,
4280,2,1,1,yes,no,no,no,yes,2,no,semi-furnished,3640000,,
3570,3,1,2,yes,no,yes,no,no,0,no,semi-furnished,3640000,,
3180,3,1,2,no,no,yes,no,no,0,no,semi-furnished,3640000,,
3000,2,1,2,yes,no,no,no,yes,0,no,furnished,3640000,,
3520,2,2,1,yes,no,yes,no,no,0,no,semi-furnished,3640000,,
5960,3,1,2,yes,yes,yes,no,no,0,no,unfurnished,3640000,,
4130,3,2,2,yes,no,no,no,no,2,no,semi-furnished,3640000,,
2850,3,2,2,no,no,yes,no,no,0,yes,unfurnished,3640000,,
2275,3,1,3,yes,no,no,yes,yes,0,yes,semi-furnished,3640000,,
3520,3,1,1,yes,no,no,no,no,2,yes,unfurnished,3633000,,
4500,2,1,1,yes,no,no,no,no,0,no,semi-furnished,3605000,,
4000,2,1,1,yes,no,no,no,no,0,yes,semi-furnished,3605000,,
3150,3,1,2,yes,no,yes,no,no,0,no,furnished,3570000,,
4500,4,2,2,yes,no,yes,no,no,2,no,furnished,3570000,,
4500,2,1,1,no,no,no,no,no,0,no,furnished,3570000,,
3640,2,1,1,yes,no,no,no,no,0,no,unfurnished,3570000,,
3850,3,1,1,yes,no,no,no,no,2,no,unfurnished,3535000,,
4240,3,1,2,yes,no,no,no,yes,0,no,semi-furnished,3500000,,
3650,3,1,2,yes,no,no,no,no,0,no,unfurnished,3500000,,
4600,4,1,2,yes,no,no,no,no,0,no,semi-furnished,3500000,,
2135,3,2,2,no,no,no,no,no,0,no,unfurnished,3500000,,
3036,3,1,2,yes,no,yes,no,no,0,no,semi-furnished,3500000,,
3990,3,1,2,yes,no,no,no,no,0,no,semi-furnished,3500000,,
7424,3,1,1,no,no,no,no,no,0,no,unfurnished,3500000,,
3480,3,1,1,no,no,no,no,yes,0,no,unfurnished,3500000,,
3600,6,1,2,yes,no,no,no,no,1,no,unfurnished,3500000,,
3640,2,1,1,yes,no,no,no,no,1,no,semi-furnished,3500000,,
5900,2,1,1,yes,no,no,no,no,1,no,furnished,3500000,,
3120,3,1,2,yes,no,no,no,no,1,no,unfurnished,3500000,,
7350,2,1,1,yes,no,no,no,no,1,no,semi-furnished,3500000,,
3512,2,1,1,yes,no,no,no,no,1,yes,unfurnished,3500000,,
9500,3,1,2,yes,no,no,no,no,3,yes,unfurnished,3500000,,
5880,2,1,1,yes,no,no,no,no,0,no,unfurnished,3500000,,
12944,3,1,1,yes,no,no,no,no,0,no,unfurnished,3500000,,
4900,3,1,2,no,no,no,no,no,0,no,unfurnished,3493000,,
3060,3,1,1,yes,no,no,no,no,0,no,unfurnished,3465000,,
5320,2,1,1,yes,no,no,no,no,1,yes,unfurnished,3465000,,
2145,3,1,3,yes,no,no,no,no,0,yes,furnished,3465000,,
4000,2,1,1,yes,no,no,no,no,0,no,unfurnished,3430000,,
3185,2,1,1,yes,no,no,no,no,2,no,unfurnished,3430000,,
3850,3,1,1,yes,no,no,no,no,0,no,unfurnished,3430000,,
2145,3,1,3,yes,no,no,no,no,0,yes,furnished,3430000,,
2610,3,1,2,yes,no,yes,no,no,0,yes,unfurnished,3430000,,
1950,3,2,2,yes,no,yes,no,no,0,yes,unfurnished,3430000,,
4040,2,1,1,yes,no,no,no,no,0,no,unfurnished,3423000,,
4785,3,1,2,yes,yes,yes,no,yes,1,no,furnished,3395000,,
3450,3,1,1,yes,no,yes,no,no,2,no,unfurnished,3395000,,
3640,2,1,1,yes,no,no,no,no,0,no,furnished,3395000,,
3500,4,1,2,yes,no,no,no,yes,2,no,unfurnished,3360000,,
4960,4,1,3,no,no,no,no,no,0,no,semi-furnished,3360000,,
4120,2,1,2,yes,no,no,no,no,0,no,unfurnished,3360000,,
4750,2,1,1,yes,no,no,no,no,0,no,unfurnished,3360000,,
3720,2,1,1,no,no,no,no,yes,0,no,unfurnished,3360000,,
3750,3,1,1,yes,no,no,no,no,0,no,unfurnished,3360000,,
3100,3,1,2,no,no,yes,no,no,0,no,semi-furnished,3360000,,
3185,2,1,1,yes,no,yes,no,no,2,no,furnished,3360000,,
2700,3,1,1,no,no,no,no,no,0,no,furnished,3353000,,
2145,3,1,2,yes,no,yes,no,no,0,yes,furnished,3332000,,
4040,2,1,1,yes,no,no,no,no,1,no,unfurnished,3325000,,
4775,4,1,2,yes,no,no,no,no,0,no,unfurnished,3325000,,
2500,2,1,1,no,no,no,no,yes,0,no,unfurnished,3290000,,
3180,4,1,2,yes,no,yes,no,yes,0,no,unfurnished,3290000,,
6060,3,1,1,yes,yes,yes,no,no,0,no,furnished,3290000,,
3480,4,1,2,no,no,no,no,no,1,no,semi-furnished,3290000,,
3792,4,1,2,yes,no,no,no,no,0,no,semi-furnished,3290000,,
4040,2,1,1,yes,no,no,no,no,0,no,unfurnished,3290000,,
2145,3,1,2,yes,no,yes,no,no,0,yes,furnished,3290000,,
5880,3,1,1,yes,no,no,no,no,1,no,unfurnished,3290000,,
4500,2,1,1,no,no,no,no,no,0,no,semi-furnished,3255000,,
3930,2,1,1,no,no,no,no,no,0,no,unfurnished,3255000,,
3640,4,1,2,yes,no,yes,no,no,0,no,unfurnished,3234000,,
4370,3,1,2,yes,no,no,no,no,0,no,unfurnished,3220000,,
2684,2,1,1,yes,no,no,no,yes,1,no,unfurnished,3220000,,
4320,3,1,1,no,no,no,no,no,1,no,unfurnished,3220000,,
3120,3,1,2,no,no,no,no,no,0,no,furnished,3220000,,
3450,1,1,1,yes,no,no,no,no,0,no,furnished,3150000,,
3986,2,2,1,no,yes,yes,no,no,1,no,unfurnished,3150000,,
3500,2,1,1,no,no,yes,no,no,0,no,semi-furnished,3150000,,
4095,2,1,1,yes,no,no,no,no,2,no,semi-furnished,3150000,,
1650,3,1,2,no,no,yes,no,no,0,no,unfurnished,3150000,,
3450,3,1,2,yes,no,yes,no,no,0,no,semi-furnished,3150000,,
6750,2,1,1,yes,no,no,no,no,0,no,semi-furnished,3150000,,
9000,3,1,2,yes,no,no,no,no,2,no,semi-furnished,3150000,,
3069,2,1,1,yes,no,no,no,no,1,no,unfurnished,3150000,,
4500,3,1,2,yes,no,no,no,yes,0,no,unfurnished,3143000,,
5495,3,1,1,yes,no,yes,no,no,0,no,unfurnished,3129000,,
2398,3,1,1,yes,no,no,no,no,0,yes,semi-furnished,3118850,,
3000,3,1,1,no,no,no,no,yes,0,no,unfurnished,3115000,,
3850,3,1,2,yes,no,no,no,no,0,no,unfurnished,3115000,,
3500,2,1,1,yes,no,no,no,no,0,no,unfurnished,3115000,,
8100,2,1,1,yes,no,no,no,no,1,no,unfurnished,3087000,,
4960,2,1,1,yes,no,yes,no,yes,0,no,unfurnished,3080000,,
2160,3,1,2,no,no,yes,no,no,0,no,semi-furnished,3080000,,
3090,2,1,1,yes,yes,yes,no,no,0,no,unfurnished,3080000,,
4500,2,1,2,yes,no,no,yes,no,1,no,semi-furnished,3080000,,
3800,2,1,1,yes,no,no,no,no,0,no,unfurnished,3045000,,
3090,3,1,2,no,no,no,no,no,0,no,semi-furnished,3010000,,
3240,3,1,2,yes,no,no,no,no,2,no,semi-furnished,3010000,,
2835,2,1,1,yes,no,no,no,no,0,no,semi-furnished,3010000,,
4600,2,1,1,yes,no,no,no,no,0,no,furnished,3010000,,
5076,3,1,1,no,no,no,no,no,0,no,unfurnished,3010000,,
3750,3,1,2,yes,no,no,no,no,0,no,unfurnished,3010000,,
3630,4,1,2,yes,no,no,no,no,3,no,semi-furnished,3010000,,
8050,2,1,1,yes,no,no,no,no,0,no,unfurnished,3003000,,
4352,4,1,2,no,no,no,no,no,1,no,unfurnished,2975000,,
3000,2,1,2,yes,no,no,no,no,0,no,semi-furnished,2961000,,
5850,3,1,2,yes,no,yes,no,no,1,no,unfurnished,2940000,,
4960,2,1,1,yes,no,no,no,no,0,no,unfurnished,2940000,,
3600,3,1,2,no,no,no,no,no,1,no,unfurnished,2940000,,
3660,4,1,2,no,no,no,no,no,0,no,unfurnished,2940000,,
3480,3,1,2,no,no,no,no,no,1,no,semi-furnished,2940000,,
2700,2,1,1,no,no,no,no,no,0,no,furnished,2940000,,
3150,3,1,2,no,no,no,no,no,0,no,unfurnished,2940000,,
6615,3,1,2,yes,no,no,no,no,0,no,semi-furnished,2940000,,
3040,2,1,1,no,no,no,no,no,0,no,unfurnished,2870000,,
3630,2,1,1,yes,no,no,no,no,0,no,unfurnished,2870000,,
6000,2,1,1,yes,no,no,no,no,0,no,semi-furnished,2870000,,
5400,4,1,2,yes,no,no,no,no,0,no,unfurnished,2870000,,
5200,4,1,3,yes,no,no,no,no,0,no,unfurnished,2852500,,
3300,3,1,2,no,no,no,no,no,1,no,semi-furnished,2835000,,
4350,3,1,2,no,no,no,yes,no,1,no,unfurnished,2835000,,
2640,2,1,1,no,no,no,no,no,1,no,furnished,2835000,,
2650,3,1,2,yes,no,yes,no,no,1,no,unfurnished,2800000,,
3960,3,1,1,yes,no,no,no,no,0,no,furnished,2800000,,
6800,2,1,1,yes,no,no,no,no,0,no,unfurnished,2730000,,
4000,3,1,2,yes,no,no,no,no,1,no,unfurnished,2730000,,
4000,2,1,1,yes,no,no,no,no,0,no,unfurnished,2695000,,
3934,2,1,1,yes,no,no,no,no,0,no,unfurnished,2660000,,
2000,2,1,2,yes,no,no,no,no,0,no,semi-furnished,2660000,,
3630,3,3,2,no,yes,no,no,no,0,no,unfurnished,2660000,,
2800,3,1,1,yes,no,no,no,no,0,no,unfurnished,2660000,,
2430,3,1,1,no,no,no,no,no,0,no,unfurnished,2660000,,
3480,2,1,1,yes,no,no,no,no,1,no,semi-furnished,2660000,,
4000,3,1,1,yes,no,no,no,no,0,no,semi-furnished,2660000,,
3185,2,1,1,yes,no,no,no,yes,0,no,unfurnished,2653000,,
4000,3,1,2,yes,no,no,no,yes,0,no,unfurnished,2653000,,
2910,2,1,1,no,no,no,no,no,0,no,unfurnished,2604000,,
3600,2,1,1,yes,no,no,no,no,0,no,unfurnished,2590000,,
4400,2,1,1,yes,no,no,no,no,0,no,unfurnished,2590000,,
3600,2,2,2,yes,no,yes,no,no,1,no,furnished,2590000,,
2880,3,1,1,no,no,no,no,no,0,no,unfurnished,2520000,,
3180,3,1,1,no,no,no,no,no,0,no,unfurnished,2520000,,
3000,2,1,2,yes,no,no,no,no,0,no,furnished,2520000,,
4400,3,1,2,yes,no,no,no,no,0,no,unfurnished,2485000,,
3000,3,1,2,no,no,no,no,no,0,no,semi-furnished,2485000,,
3210,3,1,2,yes,no,yes,no,no,0,no,unfurnished,2450000,,
3240,2,1,1,no,yes,no,no,no,1,no,unfurnished,2450000,,
3000,2,1,1,yes,no,no,no,no,1,no,unfurnished,2450000,,
3500,2,1,1,yes,yes,no,no,no,0,no,unfurnished,2450000,,
4840,2,1,2,yes,no,no,no,no,0,no,unfurnished,2450000,,
7700,2,1,1,yes,no,no,no,no,0,no,unfurnished,2450000,,
3635,2,1,1,no,no,no,no,no,0,no,unfurnished,2408000,,
2475,3,1,2,yes,no,no,no,no,0,no,furnished,2380000,,
2787,4,2,2,yes,no,no,no,no,0,no,furnished,2380000,,
3264,2,1,1,yes,no,no,no,no,0,no,unfurnished,2380000,,
3640,2,1,1,yes,no,no,no,no,0,no,unfurnished,2345000,,
3180,2,1,1,yes,no,no,no,no,0,no,unfurnished,2310000,,
1836,2,1,1,no,no,yes,no,no,0,no,semi-furnished,2275000,,
3970,1,1,1,no,no,no,no,no,0,no,unfurnished,2275000,,
3970,3,1,2,yes,no,yes,no,no,0,no,unfurnished,2275000,,
1950,3,1,1,no,no,no,yes,no,0,no,unfurnished,2240000,,
5300,3,1,1,no,no,no,no,yes,0,yes,unfurnished,2233000,,
3000,2,1,1,no,no,no,no,no,0,no,unfurnished,2135000,,
2400,3,1,2,yes,no,no,no,no,0,no,unfurnished,2100000,,
3000,4,1,2,yes,no,no,no,no,0,no,unfurnished,2100000,,
3360,2,1,1,yes,no,no,no,no,1,no,unfurnished,2100000,,
3420,5,1,2,no,no,no,no,no,0,no,unfurnished,1960000,,
1700,3,1,2,yes,no,no,no,no,0,no,unfurnished,1890000,,
3649,2,1,1,yes,no,no,no,no,0,no,unfurnished,1890000,,
2990,2,1,1,no,no,no,no,no,1,no,unfurnished,1855000,,
3000,2,1,1,yes,no,yes,no,no,2,no,unfurnished,1820000,,
2400,3,1,1,no,no,no,no,no,0,no,semi-furnished,1767150,,
3620,2,1,1,yes,no,no,no,no,0,no,unfurnished,1750000,,
2910,3,1,1,no,no,no,no,no,0,no,furnished,1750000,,
3850,3,1,2,yes,no,no,no,no,0,no,unfurnished,1750000,,
